{
  "hash": "a754ce02c0472c0b163d8ffb898e69ac",
  "result": {
    "markdown": "---\ntitle: \"About\"\n---\n\n\nAbout this site\n\n\n::: {.cell hash='about_cache/html/unnamed-chunk-1_0092dee97b3dd182cf1bf01a8513ffbb'}\n\n```{.r .cell-code}\n1 + 1\n```\n\n::: {.cell-output .cell-output-stdout}\n```\n[1] 2\n```\n:::\n:::\n",
    "supporting": [],
    "filters": [
      "rmarkdown/pagebreak.lua"
    ],
    "includes": {},
    "engineDependencies": {},
    "preserve": {},
    "postProcess": true
  }
}